metabolism,carrying capacity,vision,age,sugar,pollution
2.435,57.945,4.915,1.0,14.760313048679427,0
2.435,57.945,4.915,2.0,18.368039708680637,0
2.419191919191919,58.18181818181818,4.954545454545454,3.0,23.787678678539784,0
2.4,57.94358974358974,5.005128205128205,4.0,27.212892926287644,0
2.4,57.94358974358974,5.005128205128205,5.0,28.408447200681632,0
2.3769633507853403,57.774869109947645,5.057591623036649,6.0,28.785182965195432,0
2.365079365079365,57.39153439153439,5.08994708994709,7.0,28.26421652515472,0
2.3475935828877006,57.05347593582888,5.128342245989304,8.0,27.20724677204184,0
2.303867403314917,57.06629834254144,5.220994475138122,9.0,26.492641165437306,0
2.262857142857143,56.93142857142857,5.337142857142857,10.0,25.56446088415288,0
2.239766081871345,57.005847953216374,5.380116959064328,11.0,24.264177990875254,0
2.2011494252873565,57.0632183908046,5.459770114942529,11.367816091954023,22.711850728828875,0
2.1139240506329116,58.075949367088604,5.677215189873418,12.30379746835443,22.944047417012577,0
2.052980132450331,58.62251655629139,5.728476821192053,13.271523178807946,22.06375702303843,0
1.9424460431654675,59.23021582733813,5.676258992805756,14.366906474820144,22.038559454326503,1
1.8692307692307693,58.47692307692308,5.730769230769231,15.323076923076924,21.734269525191284,1
1.7950819672131149,58.32786885245902,5.770491803278689,16.459016393442624,21.388890626530216,1
1.7053571428571428,59.339285714285715,5.8125,17.508928571428573,21.52937809056135,2
1.619047619047619,58.49523809523809,5.752380952380952,18.580952380952382,21.351740744402658,2
1.5319148936170213,58.223404255319146,5.797872340425532,19.53191489361702,22.193188411600797,2
1.4777777777777779,58.43333333333333,5.8,20.511111111111113,21.714006126890286,2
1.48,58.73,5.85,19.46,26.355360406366184,2
1.48,58.73,5.85,20.46,33.3882514745701,2
1.48,58.73,5.85,21.46,39.02155420668547,2
1.4848484848484849,59.19191919191919,5.898989898989899,22.434343434343436,42.82085411875819,2
1.4848484848484849,59.19191919191919,5.898989898989899,23.434343434343436,45.07113230568707,2
1.4848484848484849,59.19191919191919,5.898989898989899,24.434343434343436,46.52503608301716,2
1.4848484848484849,59.19191919191919,5.898989898989899,25.434343434343436,47.565758231483926,2
1.4848484848484849,59.19191919191919,5.898989898989899,26.434343434343436,48.26407330108148,2
1.4795918367346939,59.47959183673469,5.908163265306122,27.408163265306122,49.177744473672,2
1.4795918367346939,59.47959183673469,5.908163265306122,28.408163265306122,49.548016600844555,2
1.485981308411215,61.14018691588785,5.897196261682243,27.018691588785046,47.53074288657157,2
1.485981308411215,61.14018691588785,5.897196261682243,28.018691588785046,47.60620014557557,2
1.485981308411215,61.14018691588785,5.897196261682243,29.018691588785046,47.33619628212677,2
1.485981308411215,61.14018691588785,5.897196261682243,30.018691588785046,46.742488826385426,2
1.485981308411215,61.14018691588785,5.897196261682243,31.018691588785046,46.22679790092019,2
1.485981308411215,61.14018691588785,5.897196261682243,32.018691588785046,45.77436020189305,2
1.490566037735849,60.783018867924525,5.9245283018867925,32.971698113207545,45.770787378033454,2
1.490566037735849,60.783018867924525,5.9245283018867925,33.971698113207545,45.56695944601762,2
1.4854368932038835,60.679611650485434,5.893203883495145,34.8252427184466,45.49719747716546,2
1.4901960784313726,60.450980392156865,5.9411764705882355,35.77450980392157,45.035143603047565,2
1.4636363636363636,61.6,5.918181818181818,33.42727272727273,45.72362279624922,3
1.4722222222222223,61.851851851851855,5.925925925925926,34.26851851851852,48.63154584623562,3
1.4666666666666666,60.87619047619047,5.9904761904761905,35.21904761904762,51.20884381838824,3
1.4711538461538463,61.10576923076923,5.990384615384615,36.13461538461539,52.28040419419902,3
1.4545454545454546,61.02020202020202,5.97979797979798,37.0,53.64606566802609,3
1.443298969072165,60.83505154639175,5.948453608247423,37.81443298969072,53.91744909604144,3
1.4421052631578948,60.642105263157895,6.010526315789473,38.62105263157895,54.52699111317335,3
1.4285714285714286,60.73626373626374,5.978021978021978,39.20879120879121,54.80251348936909,3
1.4333333333333333,61.144444444444446,5.988888888888889,40.1,55.44618046725788,3
1.4367816091954022,61.310344827586206,5.954022988505747,40.758620689655174,55.732817878502644,3
1.4479166666666667,63.71875,5.927083333333333,37.40625,52.58352982641299,3
1.4565217391304348,63.52173913043478,5.880434782608695,37.77173913043478,52.54043513025002,3
1.4666666666666666,63.611111111111114,5.933333333333334,38.888888888888886,53.92140938443538,3
1.4431818181818181,62.96590909090909,5.8977272727272725,39.54545454545455,53.58613356671485,3
1.4534883720930232,63.883720930232556,5.906976744186046,40.18604651162791,54.78078539988997,3
1.45,64.0125,5.825,40.3875,55.88568737255474,3
1.4556962025316456,64.10126582278481,5.822784810126582,41.177215189873415,56.09795465189644,3
1.4675324675324675,63.94805194805195,5.766233766233766,41.74025974025974,55.89244290986802,3
1.48,64.64,5.786666666666667,42.28,56.552687399319474,3
1.4225352112676057,64.8169014084507,5.901408450704225,42.28169014084507,56.44784459825552,1
1.3974358974358974,67.97435897435898,5.935897435897436,37.14102564102564,54.040098870571406,1
1.3896103896103895,67.63636363636364,6.0,38.35064935064935,57.47114175743345,0
1.4109589041095891,69.24657534246575,6.054794520547945,38.0,61.11887227640674,0
1.4225352112676057,69.3943661971831,6.098591549295775,38.267605633802816,62.92739117557225,0
1.4285714285714286,69.6,6.114285714285714,38.885714285714286,64.33594543775831,0
1.4411764705882353,70.05882352941177,6.117647058823529,39.25,65.81295822243612,0
1.4615384615384615,70.76923076923077,6.2,38.96923076923077,67.06493923389141,0
1.4761904761904763,71.77777777777777,6.190476190476191,39.22222222222222,68.51164398441527,0
1.4482758620689655,71.53448275862068,6.155172413793103,38.56896551724138,68.54925255853564,0
1.456140350877193,72.14035087719299,6.105263157894737,39.01754385964912,69.42443658875769,0
1.4761904761904763,75.96825396825396,6.0,32.79365079365079,63.043671938464705,0
1.459016393442623,76.45901639344262,6.0,32.50819672131148,64.1335173653019,0
1.459016393442623,76.45901639344262,6.0,33.50819672131148,65.09901072102835,0
1.4385964912280702,76.89473684210526,6.035087719298246,31.666666666666668,65.85286543924515,0
1.4074074074074074,77.79629629629629,5.962962962962963,30.25925925925926,67.25902303517833,0
1.4074074074074074,77.79629629629629,5.962962962962963,31.25925925925926,68.17270052941193,0
1.411764705882353,77.74509803921569,5.980392156862745,29.980392156862745,68.48647428675191,0
1.4042553191489362,78.70212765957447,6.0638297872340425,27.574468085106382,69.63754210108722,0
1.391304347826087,78.78260869565217,6.043478260869565,28.130434782608695,70.40198297085468,0
1.391304347826087,78.78260869565217,6.043478260869565,29.130434782608695,71.19003208840681,0
1.4285714285714286,79.39285714285714,6.178571428571429,24.928571428571427,64.4808758230857,0
1.4285714285714286,79.39285714285714,6.178571428571429,25.928571428571427,67.92393353380365,0
1.4363636363636363,79.03636363636363,6.218181818181818,26.454545454545453,70.94932208544809,0
1.4339622641509433,79.56603773584905,6.283018867924528,26.641509433962263,73.65063726328982,0
1.411764705882353,78.96078431372548,6.215686274509804,26.568627450980394,74.68653238755326,0
1.411764705882353,78.96078431372548,6.215686274509804,27.568627450980394,75.67216508795542,0
1.411764705882353,78.96078431372548,6.215686274509804,28.568627450980394,76.04176868368077,0
1.411764705882353,78.96078431372548,6.215686274509804,29.568627450980394,76.37855299416769,0
1.411764705882353,78.96078431372548,6.215686274509804,30.568627450980394,76.55417021109133,0
1.4,79.18,6.2,30.8,76.93721517396939,0
1.4406779661016949,81.86440677966101,6.101694915254237,26.25423728813559,68.86383755415856,0
1.4406779661016949,81.86440677966101,6.101694915254237,27.25423728813559,70.6907812998562,0
1.4482758620689655,82.06896551724138,6.068965517241379,27.82758620689655,72.4735632793738,0
1.4482758620689655,82.06896551724138,6.068965517241379,28.82758620689655,74.0532447209059,0
1.456140350877193,82.66666666666667,6.087719298245614,29.035087719298247,75.99098026555491,0
1.456140350877193,82.66666666666667,6.087719298245614,30.035087719298247,77.0865752283953,0
1.456140350877193,82.66666666666667,6.087719298245614,31.035087719298247,77.48211631366475,0
1.456140350877193,82.66666666666667,6.087719298245614,32.03508771929825,77.79244601170676,0
1.4642857142857142,82.92857142857143,6.053571428571429,32.57142857142857,78.28368503124317,0
1.4727272727272727,83.41818181818182,6.0,33.09090909090909,78.99108858979066,0
1.4615384615384615,84.12307692307692,6.061538461538461,29.0,71.7582751750194,0
1.4615384615384615,84.12307692307692,6.061538461538461,30.0,74.2194159270858,0
1.46875,84.234375,6.046875,30.34375,76.46811138779144,0
1.4761904761904763,84.01587301587301,6.111111111111111,31.142857142857142,78.21715073605039,0
1.4516129032258065,83.93548387096774,6.096774193548387,31.774193548387096,79.5127640919003,0
1.4516129032258065,83.93548387096774,6.096774193548387,32.774193548387096,80.8102553524346,0
1.4516129032258065,83.93548387096774,6.096774193548387,33.774193548387096,81.82676225935532,0
1.459016393442623,83.81967213114754,6.098360655737705,34.22950819672131,82.35312029499165,0
1.4655172413793103,84.5,6.120689655172414,33.827586206896555,83.03448275862068,0
1.4655172413793103,84.5,6.120689655172414,34.827586206896555,83.03448275862068,0
1.5,86.05882352941177,5.867647058823529,30.705882352941178,74.7185773212537,0
1.5,86.05882352941177,5.867647058823529,31.705882352941178,76.16678891909098,0
1.5,86.05882352941177,5.867647058823529,32.705882352941174,77.54990944566107,0
1.5151515151515151,86.15151515151516,5.924242424242424,33.09090909090909,78.76006569784862,0
1.53125,87.0,5.9375,32.96875,80.6090146136908,0
1.5238095238095237,87.14285714285714,5.904761904761905,33.301587301587304,81.62037065072131,0
1.532258064516129,87.70967741935483,5.870967741935484,33.935483870967744,82.79958391078385,0
1.5593220338983051,88.11864406779661,5.864406779661017,33.42372881355932,83.60569824683459,0
1.5789473684210527,88.66666666666667,5.807017543859649,33.73684210526316,84.61692164236526,0
1.5789473684210527,88.66666666666667,5.807017543859649,34.73684210526316,85.13353202267814,0
1.5522388059701493,89.43283582089552,5.731343283582089,30.55223880597015,77.21756682186549,0
1.5522388059701493,89.43283582089552,5.731343283582089,31.55223880597015,79.13587000562401,0
1.5606060606060606,89.72727272727273,5.696969696969697,32.24242424242424,81.48668639642784,0
1.5606060606060606,89.72727272727273,5.696969696969697,33.24242424242424,83.87932405267723,0
1.5606060606060606,89.72727272727273,5.696969696969697,34.24242424242424,85.88381494214983,0
1.5538461538461539,90.26153846153846,5.661538461538462,34.61538461538461,87.63367472205628,0
1.5538461538461539,90.26153846153846,5.661538461538462,35.61538461538461,88.10365468895985,0
1.576271186440678,90.05084745762711,5.711864406779661,32.91525423728814,88.21628096780483,0
1.5862068965517242,90.3103448275862,5.706896551724138,33.6551724137931,88.72413793103448,0
1.5862068965517242,90.3103448275862,5.706896551724138,34.6551724137931,88.72413793103448,0
1.5441176470588236,91.04411764705883,5.6911764705882355,30.558823529411764,80.00705530635302,0
1.5441176470588236,91.04411764705883,5.6911764705882355,31.558823529411764,81.85339070010939,0
1.537313432835821,91.35820895522389,5.656716417910448,32.25373134328358,83.8835203232785,0
1.537313432835821,91.35820895522389,5.656716417910448,33.25373134328358,85.63239541681982,0
1.515625,91.28125,5.5625,33.28125,87.15043150343699,0
1.515625,91.28125,5.5625,34.28125,88.66222395176344,0
1.515625,91.28125,5.5625,35.28125,89.41864893391552,0
1.5166666666666666,91.36666666666666,5.516666666666667,34.0,89.82007274688134,0
1.5172413793103448,91.36206896551724,5.5,33.827586206896555,89.84482758620689,0
1.5172413793103448,91.36206896551724,5.5,34.827586206896555,89.84482758620689,0
1.5,92.13235294117646,5.397058823529412,30.705882352941178,80.9080194508966,0
1.5,92.13235294117646,5.397058823529412,31.705882352941178,82.62869328034,0
1.5,92.13235294117646,5.397058823529412,32.705882352941174,84.45723602862216,0
1.5,92.13235294117646,5.397058823529412,33.705882352941174,86.27630654588727,0
1.5,92.796875,5.359375,33.125,88.2057661716155,0
1.5,93.2741935483871,5.306451612903226,32.774193548387096,89.73308707417621,0
1.5,93.2741935483871,5.306451612903226,33.774193548387096,90.4671104652514,0
1.4745762711864407,93.1864406779661,5.322033898305085,32.74576271186441,90.77646647290675,0
1.4827586206896552,93.12068965517241,5.293103448275862,33.48275862068966,90.86833759589128,0
1.4827586206896552,93.12068965517241,5.293103448275862,34.48275862068966,91.05125794073702,0
1.4705882352941178,93.69117647058823,5.161764705882353,30.41176470588235,82.00019795717424,0
1.4705882352941178,93.69117647058823,5.161764705882353,31.41176470588235,84.03005764467605,0
1.4705882352941178,93.69117647058823,5.161764705882353,32.411764705882355,85.99817197932242,0
1.4776119402985075,93.64179104477611,5.208955223880597,33.25373134328358,87.70633321039499,0
1.4848484848484849,93.68181818181819,5.166666666666667,33.93939393939394,89.43740734334334,0
1.4848484848484849,93.68181818181819,5.166666666666667,34.93939393939394,90.661615168861,0
1.4848484848484849,93.68181818181819,5.166666666666667,35.93939393939394,91.11631819755955,0
1.4754098360655739,94.27868852459017,5.114754098360656,34.22950819672131,91.98166519169145,0
1.4666666666666666,94.23333333333333,5.066666666666666,34.833333333333336,92.28222841267349,0
1.4666666666666666,94.23333333333333,5.066666666666666,35.833333333333336,92.59107805688556,0
1.4142857142857144,94.54285714285714,5.114285714285714,31.714285714285715,83.94406678665479,0
1.4142857142857144,94.54285714285714,5.114285714285714,32.714285714285715,86.2553451683127,0
1.4142857142857144,94.54285714285714,5.114285714285714,33.714285714285715,88.58577909116998,0
1.4142857142857144,94.54285714285714,5.114285714285714,34.714285714285715,90.8839486539273,0
1.4142857142857144,94.54285714285714,5.114285714285714,35.714285714285715,92.22588388681123,0
1.4142857142857144,94.54285714285714,5.114285714285714,36.714285714285715,92.77669851761041,0
1.4142857142857144,94.54285714285714,5.114285714285714,37.714285714285715,93.01681111694391,0
1.403225806451613,94.70967741935483,5.048387096774194,34.29032258064516,93.30645161290323,0
1.403225806451613,94.70967741935483,5.048387096774194,35.29032258064516,93.30645161290323,0
1.403225806451613,94.70967741935483,5.048387096774194,36.29032258064516,93.30645161290323,0
1.3611111111111112,95.02777777777777,5.125,32.25,84.72021847271195,0
1.3611111111111112,95.02777777777777,5.125,33.25,86.45951175217357,0
1.3611111111111112,95.02777777777777,5.125,34.25,88.19382837210122,0
1.3611111111111112,95.02777777777777,5.125,35.25,89.9810491607372,0
1.3661971830985915,95.08450704225352,5.084507042253521,35.985915492957744,91.66642778146307,0
1.3571428571428572,95.65714285714286,5.042857142857143,36.42857142857143,93.60873030628917,0
1.3571428571428572,95.65714285714286,5.042857142857143,37.42857142857143,94.20435759933765,0
1.353846153846154,96.2,5.061538461538461,35.84615384615385,94.84615384615384,0
1.34375,96.1875,5.03125,36.65625,94.84375,0
1.34375,96.1875,5.03125,37.65625,94.84375,0
1.337837837837838,96.29729729729729,5.108108108108108,33.567567567567565,86.49344143881255,0
1.337837837837838,96.29729729729729,5.108108108108108,34.567567567567565,88.66079432415272,0
1.337837837837838,96.29729729729729,5.108108108108108,35.567567567567565,90.88051382251419,0
1.337837837837838,96.29729729729729,5.108108108108108,36.567567567567565,93.10526328059409,0
1.3424657534246576,96.31506849315069,5.109589041095891,37.32876712328767,94.33831195242705,0
1.3424657534246576,96.31506849315069,5.109589041095891,38.32876712328767,94.90193045998909,0
1.3424657534246576,96.31506849315069,5.109589041095891,39.32876712328767,94.97260273972603,0
1.3015873015873016,96.44444444444444,5.126984126984127,34.98412698412698,95.14285714285714,0
1.3064516129032258,96.43548387096774,5.080645161290323,35.61290322580645,95.12903225806451,0
1.3064516129032258,96.43548387096774,5.080645161290323,36.61290322580645,95.12903225806451,0
1.2916666666666667,96.5,4.986111111111111,32.52777777777778,86.19574778232467,0
1.2916666666666667,96.5,4.986111111111111,33.52777777777778,88.31572268259099,0
1.2916666666666667,96.5,4.986111111111111,34.52777777777778,90.37791222682452,0
1.2816901408450705,96.49295774647888,5.028169014084507,35.40845070422535,92.36767314292491,0
1.2816901408450705,96.49295774647888,5.028169014084507,36.40845070422535,94.30790119450259,0
1.2816901408450705,96.49295774647888,5.028169014084507,37.40845070422535,94.8845379779724,0
1.2816901408450705,96.49295774647888,5.028169014084507,38.40845070422535,95.01539398718865,0
1.2419354838709677,96.83870967741936,5.032258064516129,34.45161290322581,95.54091682124852,0
1.2459016393442623,96.8360655737705,4.983606557377049,35.0655737704918,95.59016393442623,0
1.2459016393442623,96.8360655737705,4.983606557377049,36.0655737704918,95.59016393442623,0
1.2112676056338028,96.85915492957747,5.014084507042254,31.985915492957748,86.63696560452148,0
1.2112676056338028,96.85915492957747,5.014084507042254,32.985915492957744,88.89584429575537,0
1.2112676056338028,96.85915492957747,5.014084507042254,33.985915492957744,91.21192965610386,0
1.2112676056338028,96.85915492957747,5.014084507042254,34.985915492957744,93.56255986084368,0
1.2112676056338028,96.85915492957747,5.014084507042254,35.985915492957744,94.95252656595228,0
1.2112676056338028,96.85915492957747,5.014084507042254,36.985915492957744,95.59055581048207,0
1.2112676056338028,96.85915492957747,5.014084507042254,37.985915492957744,95.64788732394366,0
1.2121212121212122,96.89393939393939,5.03030303030303,36.333333333333336,95.68181818181819,0
1.2153846153846153,96.8923076923077,4.984615384615385,37.0,95.67692307692307,0
1.2153846153846153,96.8923076923077,4.984615384615385,38.0,95.67692307692307,0
1.1866666666666668,96.93333333333334,4.933333333333334,33.93333333333333,87.11093914935375,0
1.1866666666666668,96.93333333333334,4.933333333333334,34.93333333333333,89.17472094424416,0
1.1866666666666668,96.93333333333334,4.933333333333334,35.93333333333333,91.17022215478674,0
1.1756756756756757,96.93243243243244,4.972972972972973,36.83783783783784,93.10816793891408,0
1.1756756756756757,96.93243243243244,4.972972972972973,37.83783783783784,95.02255246883632,0
1.1756756756756757,96.93243243243244,4.972972972972973,38.83783783783784,95.75675675675676,0
1.1756756756756757,96.93243243243244,4.972972972972973,39.83783783783784,95.75675675675676,0
1.1363636363636365,96.95454545454545,5.0606060606060606,36.484848484848484,95.81818181818181,0
1.125,96.953125,5.0625,36.8125,95.828125,0
1.125,96.953125,5.0625,37.8125,95.828125,0
1.1081081081081081,97.0,5.054054054054054,33.7027027027027,87.01586534392801,0
1.1081081081081081,97.0,5.054054054054054,34.7027027027027,89.12220540474566,0
1.1081081081081081,97.0,5.054054054054054,35.7027027027027,91.36531305657772,0
1.1095890410958904,97.0,5.068493150684931,36.602739726027394,93.6648043393744,0
1.1095890410958904,97.0,5.068493150684931,37.602739726027394,95.3484883248083,0
1.1095890410958904,97.0,5.068493150684931,38.602739726027394,95.76035329812592,0
1.1095890410958904,97.0,5.068493150684931,39.602739726027394,95.89041095890411,0
1.0793650793650793,97.03174603174604,5.111111111111111,35.142857142857146,95.95238095238095,0
1.0847457627118644,97.03389830508475,5.016949152542373,34.59322033898305,95.94915254237289,0
1.0847457627118644,97.03389830508475,5.016949152542373,35.59322033898305,95.94915254237289,0
1.0724637681159421,97.07246376811594,5.072463768115942,31.434782608695652,87.04666075451968,0
1.0724637681159421,97.07246376811594,5.072463768115942,32.43478260869565,88.91714107910245,0
1.0724637681159421,97.07246376811594,5.072463768115942,33.43478260869565,90.75277226483182,0
1.0597014925373134,97.07462686567165,5.164179104477612,34.149253731343286,92.45085402538295,0
1.0597014925373134,97.07462686567165,5.164179104477612,35.149253731343286,94.42723446708563,0
1.0597014925373134,97.07462686567165,5.164179104477612,36.149253731343286,95.73048692047269,0
1.0597014925373134,97.07462686567165,5.164179104477612,37.149253731343286,96.01160159336723,0
1.0666666666666667,97.11666666666666,5.166666666666667,33.833333333333336,96.05,0
1.0701754385964912,97.12280701754386,5.052631578947368,33.56140350877193,96.05263157894737,0
1.0701754385964912,97.12280701754386,5.052631578947368,34.56140350877193,96.05263157894737,0
1.0597014925373134,97.14925373134328,5.044776119402985,30.402985074626866,87.01196860099985,0
1.0597014925373134,97.14925373134328,5.044776119402985,31.402985074626866,89.5807643417752,0
1.0597014925373134,97.14925373134328,5.044776119402985,32.40298507462686,92.27937469768607,0
1.0597014925373134,97.14925373134328,5.044776119402985,33.40298507462686,94.88988696885217,0
1.0597014925373134,97.14925373134328,5.044776119402985,34.40298507462686,95.7609805480434,0
1.0597014925373134,97.14925373134328,5.044776119402985,35.40298507462686,95.96329015375841,0
1.0597014925373134,97.14925373134328,5.044776119402985,36.40298507462686,96.08955223880596,0
1.0634920634920635,97.15873015873017,5.015873015873016,34.98412698412698,96.0952380952381,0
1.0655737704918034,97.1639344262295,5.016393442622951,35.22950819672131,96.09836065573771,0
1.0655737704918034,97.1639344262295,5.016393442622951,36.22950819672131,96.09836065573771,0
1.056338028169014,97.21126760563381,5.070422535211268,32.12676056338028,87.84989729068856,0
1.056338028169014,97.21126760563381,5.070422535211268,33.12676056338028,90.3903984157418,0
1.056338028169014,97.21126760563381,5.070422535211268,34.12676056338028,92.92283763490072,0
1.0571428571428572,97.21428571428571,5.085714285714285,35.0,95.39142125051882,0
1.0571428571428572,97.21428571428571,5.085714285714285,36.0,96.08377052459718,0
1.0571428571428572,97.21428571428571,5.085714285714285,37.0,96.15714285714286,0
1.0571428571428572,97.21428571428571,5.085714285714285,38.0,96.15714285714286,0
1.015625,97.234375,5.09375,35.5,96.21875,0
1.0163934426229508,97.24590163934427,5.081967213114754,35.39344262295082,96.22950819672131,0
1.0163934426229508,97.24590163934427,5.081967213114754,36.39344262295082,96.22950819672131,0
1.0140845070422535,97.29577464788733,5.098591549295775,32.267605633802816,87.26787305666981,0
1.0140845070422535,97.29577464788733,5.098591549295775,33.267605633802816,89.75208879078671,0
1.0140845070422535,97.29577464788733,5.098591549295775,34.267605633802816,92.23091906605714,0
1.0140845070422535,97.29577464788733,5.098591549295775,35.267605633802816,94.7150448778484,0
1.0140845070422535,97.29577464788733,5.098591549295775,36.267605633802816,96.23377517221012,0
1.0140845070422535,97.29577464788733,5.098591549295775,37.267605633802816,96.28169014084507,0
1.0140845070422535,97.29577464788733,5.098591549295775,38.267605633802816,96.28169014084507,0
1.0,97.34375,5.09375,35.34375,96.34375,0
1.0,97.34920634920636,5.079365079365079,35.98412698412698,96.34920634920636,0
1.0,97.34920634920636,5.079365079365079,36.98412698412698,96.34920634920636,0
1.0,97.41095890410959,5.095890410958904,32.917808219178085,88.24198142774272,0
1.0,97.41095890410959,5.095890410958904,33.917808219178085,90.40320142407819,0
1.0,97.41095890410959,5.095890410958904,34.917808219178085,92.54703044881998,0
1.0,97.41095890410959,5.095890410958904,35.917808219178085,94.66282752335137,0
1.0,97.41095890410959,5.095890410958904,36.917808219178085,96.15909235924386,0
1.0,97.41095890410959,5.095890410958904,37.917808219178085,96.41095890410959,0
1.0,97.41095890410959,5.095890410958904,38.917808219178085,96.41095890410959,0
1.0,97.44776119402985,5.104477611940299,36.656716417910445,96.44776119402985,0
1.0,97.43939393939394,5.121212121212121,37.333333333333336,96.43939393939394,0
1.0,97.43939393939394,5.121212121212121,38.333333333333336,96.43939393939394,0
1.0,97.51315789473684,5.0,34.28947368421053,87.9011840971698,0
1.0,97.51315789473684,5.0,35.28947368421053,89.81920222386722,0
1.0,97.51315789473684,5.0,36.28947368421053,91.71859137489224,0
1.0,97.51315789473684,5.0,37.28947368421053,93.59720824331555,0
1.0,97.51315789473684,5.0,38.28947368421053,95.50442789953865,0
1.0,97.51315789473684,5.0,39.28947368421053,96.4303836230189,0
1.0,97.51315789473684,5.0,40.28947368421053,96.51315789473684,0
1.0,97.54411764705883,5.088235294117647,37.11764705882353,96.54411764705883,0
1.0,97.5625,5.09375,36.8125,96.5625,0
1.0,97.5625,5.09375,37.8125,96.5625,0
1.0,97.62162162162163,5.108108108108108,33.7027027027027,87.8800375113697,0
1.0,97.62162162162163,5.108108108108108,34.7027027027027,89.97537160361114,0
1.0,97.62162162162163,5.108108108108108,35.7027027027027,92.12171401748607,0
1.0,97.62162162162163,5.108108108108108,36.7027027027027,94.2262898631333,0
1.0,97.62162162162163,5.108108108108108,37.7027027027027,95.70015281713204,0
1.0,97.62162162162163,5.108108108108108,38.7027027027027,96.420075472081,0
1.0,97.62162162162163,5.108108108108108,39.7027027027027,96.62162162162163,0
1.0,97.67692307692307,5.076923076923077,35.69230769230769,96.67692307692307,0
1.0,97.6774193548387,5.096774193548387,35.61290322580645,96.6774193548387,0
1.0,97.6774193548387,5.096774193548387,36.61290322580645,96.6774193548387,0
1.0,97.72222222222223,4.972222222222222,32.52777777777778,87.19854440850303,0
1.0,97.72222222222223,4.972222222222222,33.52777777777778,89.54491798662652,0
1.0,97.72222222222223,4.972222222222222,34.52777777777778,91.91482938818791,0
1.0,97.73239436619718,4.985915492957746,34.985915492957744,94.2454517727159,0
1.0,97.73239436619718,4.985915492957746,35.985915492957744,96.32712896244645,0
1.0,97.73239436619718,4.985915492957746,36.985915492957744,96.5823086561642,0
1.0,97.73239436619718,4.985915492957746,37.985915492957744,96.73239436619718,0
1.0,97.75757575757575,4.909090909090909,36.18181818181818,96.75757575757575,0
1.0,97.765625,4.90625,36.5,96.765625,0
1.0,97.765625,4.90625,37.5,96.765625,0
1.0,97.79729729729729,4.8108108108108105,33.432432432432435,87.76948852958463,0
1.0,97.79729729729729,4.8108108108108105,34.432432432432435,89.95742374893983,0
1.0,97.79729729729729,4.8108108108108105,35.432432432432435,92.14987457153956,0
1.0,97.79729729729729,4.8108108108108105,36.432432432432435,94.32334506826848,0
1.0,97.79729729729729,4.8108108108108105,37.432432432432435,96.00728259963014,0
1.0,97.79729729729729,4.8108108108108105,38.432432432432435,96.68656015473269,0
1.0,97.79729729729729,4.8108108108108105,39.432432432432435,96.79729729729729,0
1.0,97.8923076923077,4.707692307692308,35.69230769230769,96.8923076923077,0
1.0,97.90163934426229,4.721311475409836,35.22950819672131,96.90163934426229,0
1.0,97.90163934426229,4.721311475409836,36.22950819672131,96.90163934426229,0
1.0,97.91549295774648,4.704225352112676,32.12676056338028,87.88659823208178,0
1.0,97.91549295774648,4.704225352112676,33.12676056338028,90.26059208510169,0
1.0,97.91549295774648,4.704225352112676,34.12676056338028,92.63186307968489,0
1.0,97.91549295774648,4.704225352112676,35.12676056338028,95.03313938201944,0
1.0,97.91549295774648,4.704225352112676,36.12676056338028,96.42518709174654,0
1.0,97.91549295774648,4.704225352112676,37.12676056338028,96.88743336421761,0
1.0,97.91549295774648,4.704225352112676,38.12676056338028,96.91549295774648,0
1.0,97.93846153846154,4.6461538461538465,35.69230769230769,96.93846153846154,0
1.0,97.9375,4.65625,36.34375,96.9375,0
1.0,97.9375,4.65625,37.34375,96.9375,0
1.0,97.94594594594595,4.756756756756757,33.2972972972973,88.40057769919908,0
1.0,97.94594594594595,4.756756756756757,34.2972972972973,90.7724136961436,0
1.0,97.94594594594595,4.756756756756757,35.2972972972973,93.13955564269608,0
1.0,97.94594594594595,4.756756756756757,36.2972972972973,95.45476774327638,0
1.0,97.94594594594595,4.756756756756757,37.2972972972973,96.94594594594595,0
1.0,97.94594594594595,4.756756756756757,38.2972972972973,96.94594594594595,0
1.0,97.94594594594595,4.756756756756757,39.2972972972973,96.94594594594595,0
1.0,97.97101449275362,4.72463768115942,37.56521739130435,96.97101449275362,0
1.0,97.96923076923076,4.7384615384615385,37.30769230769231,96.96923076923076,0
1.0,97.96923076923076,4.7384615384615385,38.30769230769231,96.96923076923076,0
1.0,97.97333333333333,4.693333333333333,34.2,88.45428573088769,0
1.0,97.97333333333333,4.693333333333333,35.2,90.70732370285633,0
1.0,97.97333333333333,4.693333333333333,36.2,92.98333410704697,0
1.0,97.97333333333333,4.693333333333333,37.2,95.28003846717932,0
1.0,97.97333333333333,4.693333333333333,38.2,96.85201194075165,0
1.0,97.97333333333333,4.693333333333333,39.2,96.97333333333333,0
1.0,97.97333333333333,4.693333333333333,40.2,96.97333333333333,0
1.0,98.0,4.606060606060606,36.18181818181818,97.0,0
1.0,98.0,4.625,36.5,97.0,0
1.0,98.0,4.625,37.5,97.0,0
1.0,98.0,4.5675675675675675,33.432432432432435,87.8260095240415,0
1.0,98.0,4.5675675675675675,34.432432432432435,89.88597877608899,0
1.0,98.0,4.5675675675675675,35.432432432432435,91.90620474833524,0
1.0,98.0,4.5675675675675675,36.432432432432435,93.9263565602327,0
1.0,98.0,4.5675675675675675,37.432432432432435,95.87403573201114,0
1.0,98.0,4.5675675675675675,38.432432432432435,97.0,0
1.0,98.0,4.5675675675675675,39.432432432432435,97.0,0
1.0,98.0,4.617647058823529,37.11764705882353,97.0,0
1.0,98.0,4.65625,36.8125,97.0,0
1.0,98.0,4.65625,37.8125,97.0,0
1.0,98.0,4.72972972972973,33.7027027027027,88.24281652766594,0
1.0,98.0,4.72972972972973,34.7027027027027,90.74134197436867,0
1.0,98.0,4.72972972972973,35.7027027027027,93.23093332222342,0
1.0,98.0,4.72972972972973,36.7027027027027,95.73673003125114,0
1.0,98.0,4.72972972972973,37.7027027027027,96.8502861925634,0
1.0,98.0,4.72972972972973,38.7027027027027,97.0,0
1.0,98.0,4.72972972972973,39.7027027027027,97.0,0
1.0,98.0,4.636363636363637,36.18181818181818,97.0,0
1.0,98.0,4.67741935483871,35.774193548387096,97.0,0
1.0,98.0,4.67741935483871,36.774193548387096,97.0,0
1.0,98.0,4.638888888888889,32.666666666666664,88.49615448882564,0
1.0,98.0,4.638888888888889,33.666666666666664,90.8603124709196,0
1.0,98.0,4.638888888888889,34.666666666666664,93.21229167595676,0
1.0,98.0,4.638888888888889,35.666666666666664,95.55348279542291,0
1.0,98.0,4.638888888888889,36.666666666666664,96.93282115110212,0
1.0,98.0,4.638888888888889,37.666666666666664,97.0,0
1.0,98.0,4.638888888888889,38.666666666666664,97.0,0
1.0,98.0,4.666666666666667,36.18181818181818,97.0,0
1.0,98.0,4.688524590163935,35.39344262295082,97.0,0
1.0,98.0,4.688524590163935,36.39344262295082,97.0,0
1.0,98.0,4.704225352112676,32.267605633802816,88.15778687681014,0
1.0,98.0,4.704225352112676,33.267605633802816,90.74393395556025,0
1.0,98.0,4.704225352112676,34.267605633802816,93.31750736691993,0
1.0,98.0,4.704225352112676,35.267605633802816,95.87919977634115,0
1.0,98.0,4.704225352112676,36.267605633802816,96.82400895600739,0
1.0,98.0,4.704225352112676,37.267605633802816,97.0,0
1.0,98.0,4.704225352112676,38.267605633802816,97.0,0
1.0,98.0,4.7384615384615385,35.69230769230769,97.0,0
1.0,98.0,4.774193548387097,35.61290322580645,97.0,0
1.0,98.0,4.774193548387097,36.61290322580645,97.0,0
1.0,98.0,4.722222222222222,32.52777777777778,88.37393346836421,0
1.0,98.0,4.722222222222222,33.52777777777778,90.76102193308917,0
1.0,98.0,4.722222222222222,34.52777777777778,93.17631303477955,0
1.0,98.0,4.722222222222222,35.52777777777778,95.54051782386921,0
1.0,98.0,4.722222222222222,36.52777777777778,96.79717213180159,0
1.0,98.0,4.722222222222222,37.52777777777778,97.0,0
1.0,98.0,4.722222222222222,38.52777777777778,97.0,0
1.0,98.0,4.7164179104477615,36.656716417910445,97.0,0
1.0,98.0,4.75,36.65625,97.0,0
1.0,98.0,4.75,37.65625,97.0,0
1.0,98.0,4.756756756756757,33.567567567567565,89.01591862311557,0
1.0,98.0,4.756756756756757,34.567567567567565,91.43574631382549,0
1.0,98.0,4.756756756756757,35.567567567567565,93.87026162304583,0
1.0,98.0,4.756756756756757,36.567567567567565,96.25310609981396,0
1.0,98.0,4.756756756756757,37.567567567567565,96.96651711892736,0
1.0,98.0,4.756756756756757,38.567567567567565,97.0,0
1.0,98.0,4.756756756756757,39.567567567567565,97.0,0
1.0,98.0,4.626865671641791,36.656716417910445,97.0,0
1.0,98.0,4.65625,36.65625,97.0,0
1.0,98.0,4.65625,37.65625,97.0,0
1.0,98.0,4.648648648648648,33.567567567567565,88.7346631903341,0
1.0,98.0,4.648648648648648,34.567567567567565,91.01458699957058,0
1.0,98.0,4.648648648648648,35.567567567567565,93.26433636110103,0
1.0,98.0,4.648648648648648,36.567567567567565,95.4750029716132,0
1.0,98.0,4.648648648648648,37.567567567567565,96.91292590873095,0
1.0,98.0,4.648648648648648,38.567567567567565,97.0,0
1.0,98.0,4.648648648648648,39.567567567567565,97.0,0
1.0,98.0,4.656716417910448,36.656716417910445,97.0,0
1.0,98.0,4.666666666666667,37.333333333333336,97.0,0
1.0,98.0,4.666666666666667,38.333333333333336,97.0,0
1.0,98.0,4.684210526315789,34.28947368421053,88.69257477272684,0
1.0,98.0,4.684210526315789,35.28947368421053,91.0357306019698,0
1.0,98.0,4.684210526315789,36.28947368421053,93.38209981620143,0
1.0,98.0,4.684210526315789,37.28947368421053,95.77130025986504,0
1.0,98.0,4.684210526315789,38.28947368421053,96.88018935533375,0
1.0,98.0,4.684210526315789,39.28947368421053,97.0,0
1.0,98.0,4.684210526315789,40.28947368421053,97.0,0
1.0,98.0,4.72463768115942,37.56521739130435,97.0,0
1.0,98.0,4.746268656716418,37.95522388059702,97.0,0
1.0,98.0,4.746268656716418,38.95522388059702,97.0,0
1.0,98.0,4.7272727272727275,34.896103896103895,89.19409576717388,0
1.0,98.0,4.7272727272727275,35.896103896103895,91.40985793621226,0
1.0,98.0,4.7272727272727275,36.896103896103895,93.62602865908278,0
1.0,98.0,4.7272727272727275,37.896103896103895,95.84410639368751,0
1.0,98.0,4.7272727272727275,38.896103896103895,97.0,0
1.0,98.0,4.7272727272727275,39.896103896103895,97.0,0
1.0,98.0,4.7272727272727275,40.896103896103895,97.0,0
1.0,98.0,4.647058823529412,37.11764705882353,97.0,0
1.0,98.0,4.676923076923077,37.15384615384615,97.0,0
1.0,98.0,4.676923076923077,38.15384615384615,97.0,0
1.0,98.0,4.706666666666667,34.06666666666667,89.34674724134676,0
1.0,98.0,4.706666666666667,35.06666666666667,91.82740926639504,0
1.0,98.0,4.706666666666667,36.06666666666667,94.31132422594266,0
1.0,98.0,4.706666666666667,37.06666666666667,96.73546380461109,0
1.0,98.0,4.706666666666667,38.06666666666667,97.0,0
1.0,98.0,4.706666666666667,39.06666666666667,97.0,0
1.0,98.0,4.706666666666667,40.06666666666667,97.0,0
1.0,98.0,4.731343283582089,36.656716417910445,97.0,0
1.0,98.0,4.731343283582089,37.656716417910445,97.0,0
1.0,98.0,4.731343283582089,38.656716417910445,97.0,0
1.0,98.0,4.688311688311688,34.63636363636363,88.54411762295132,0
1.0,98.0,4.688311688311688,35.63636363636363,90.83505105232135,0
1.0,98.0,4.688311688311688,36.63636363636363,93.11177047140814,0
1.0,98.0,4.688311688311688,37.63636363636363,95.375186059448,0
1.0,98.0,4.688311688311688,38.63636363636363,96.97036217423516,0
1.0,98.0,4.688311688311688,39.63636363636363,97.0,0
1.0,98.0,4.688311688311688,40.63636363636363,97.0,0
1.0,98.0,4.642857142857143,38.0,97.0,0
1.0,98.0,4.6521739130434785,38.710144927536234,97.0,0
1.0,98.0,4.6521739130434785,39.710144927536234,97.0,0
1.0,98.0,4.6455696202531644,35.68354430379747,89.13208578460687,0
1.0,98.0,4.6455696202531644,36.68354430379747,91.48347870363277,0
1.0,98.0,4.6455696202531644,37.68354430379747,93.82115876287983,0
1.0,98.0,4.6455696202531644,38.68354430379747,96.16480437986039,0
1.0,98.0,4.6455696202531644,39.68354430379747,97.0,0
1.0,98.0,4.6455696202531644,40.68354430379747,97.0,0
1.0,98.0,4.6455696202531644,41.68354430379747,97.0,0
1.0,98.0,4.681159420289855,37.56521739130435,97.0,0
1.0,98.0,4.681159420289855,38.56521739130435,97.0,0
1.0,98.0,4.681159420289855,39.56521739130435,97.0,0
1.0,98.0,4.7974683544303796,35.55696202531646,89.04388910964607,0
1.0,98.0,4.7974683544303796,36.55696202531646,91.10771063856885,0
1.0,98.0,4.7974683544303796,37.55696202531646,93.17222650122667,0
1.0,98.0,4.7974683544303796,38.55696202531646,95.23427630352018,0
1.0,98.0,4.7974683544303796,39.55696202531646,96.83504008853946,0
1.0,98.0,4.7974683544303796,40.55696202531646,97.0,0
1.0,98.0,4.7974683544303796,41.55696202531646,97.0,0
1.0,98.0,4.785714285714286,38.0,97.0,0
1.0,98.0,4.779411764705882,38.411764705882355,97.0,0
1.0,98.0,4.779411764705882,39.411764705882355,97.0,0
1.0,98.0,4.782051282051282,35.35897435897436,89.05383338762974,0
1.0,98.0,4.782051282051282,36.35897435897436,91.25029571923801,0
1.0,98.0,4.782051282051282,37.35897435897436,93.50631422146664,0
1.0,98.0,4.782051282051282,38.35897435897436,95.75815942478418,0
1.0,98.0,4.782051282051282,39.35897435897436,96.93094071596832,0
1.0,98.0,4.782051282051282,40.35897435897436,97.0,0
1.0,98.0,4.782051282051282,41.35897435897436,97.0,0
1.0,98.0,4.8088235294117645,37.11764705882353,97.0,0
1.0,98.0,4.82089552238806,37.80597014925373,97.0,0
1.0,98.0,4.82089552238806,38.80597014925373,97.0,0
1.0,98.0,4.740259740259741,34.76623376623377,88.61068616122063,0
1.0,98.0,4.740259740259741,35.76623376623377,90.8178592212423,0
1.0,98.0,4.740259740259741,36.76623376623377,93.04151392245343,0
1.0,98.0,4.740259740259741,37.76623376623377,95.24846138586051,0
1.0,98.0,4.740259740259741,38.76623376623377,96.9590619310782,0
1.0,98.0,4.740259740259741,39.76623376623377,97.0,0
1.0,98.0,4.740259740259741,40.76623376623377,97.0,0
1.0,98.0,4.739130434782608,37.56521739130435,97.0,0
1.0,98.0,4.739130434782608,38.56521739130435,97.0,0
1.0,98.0,4.739130434782608,39.56521739130435,97.0,0
1.0,98.0,4.772151898734177,35.55696202531646,89.24309737228965,0
1.0,98.0,4.772151898734177,36.55696202531646,91.45032227820633,0
1.0,98.0,4.772151898734177,37.55696202531646,93.67268159213745,0
1.0,98.0,4.772151898734177,38.55696202531646,95.90377868269597,0
1.0,98.0,4.772151898734177,39.55696202531646,97.0,0
1.0,98.0,4.772151898734177,40.55696202531646,97.0,0
1.0,98.0,4.772151898734177,41.55696202531646,97.0,0
1.0,98.0,4.785714285714286,38.0,97.0,0
1.0,98.0,4.797101449275362,38.710144927536234,97.0,0
1.0,98.0,4.797101449275362,39.710144927536234,97.0,0
1.0,98.0,4.772151898734177,35.68354430379747,89.01334897307326,0
1.0,98.0,4.772151898734177,36.68354430379747,91.20530900380051,0
1.0,98.0,4.772151898734177,37.68354430379747,93.40555213143456,0
1.0,98.0,4.772151898734177,38.68354430379747,95.59507591119628,0
1.0,98.0,4.772151898734177,39.68354430379747,97.0,0
1.0,98.0,4.772151898734177,40.68354430379747,97.0,0
1.0,98.0,4.772151898734177,41.68354430379747,97.0,0
1.0,98.0,4.753623188405797,37.56521739130435,97.0,0
1.0,98.0,4.753623188405797,38.56521739130435,97.0,0
1.0,98.0,4.753623188405797,39.56521739130435,97.0,0
1.0,98.0,4.784810126582278,35.55696202531646,89.08859900927295,0
1.0,98.0,4.784810126582278,36.55696202531646,91.3446189295026,0
1.0,98.0,4.784810126582278,37.55696202531646,93.5991755030425,0
1.0,98.0,4.784810126582278,38.55696202531646,95.87383399174186,0
1.0,98.0,4.784810126582278,39.55696202531646,96.91618659261849,0
1.0,98.0,4.784810126582278,40.55696202531646,97.0,0
1.0,98.0,4.784810126582278,41.55696202531646,97.0,0
1.0,98.0,4.828571428571428,38.0,97.0,0
1.0,98.0,4.840579710144928,38.710144927536234,97.0,0
1.0,98.0,4.840579710144928,39.710144927536234,97.0,0
1.0,98.0,4.7594936708860756,35.68354430379747,89.0152498261479,0
1.0,98.0,4.7594936708860756,36.68354430379747,91.12476867729366,0
1.0,98.0,4.7594936708860756,37.68354430379747,93.2301827724844,0
1.0,98.0,4.7594936708860756,38.68354430379747,95.28398957977593,0
1.0,98.0,4.7594936708860756,39.68354430379747,96.99364042047793,0
1.0,98.0,4.717948717948718,40.35897435897436,97.0,0
1.0,98.0,4.717948717948718,41.35897435897436,97.0,0
1.0,98.0,4.735294117647059,37.11764705882353,97.0,0
1.0,98.0,4.735294117647059,38.11764705882353,97.0,0
1.0,98.0,4.735294117647059,39.11764705882353,97.0,0
1.0,98.0,4.717948717948718,35.1025641025641,88.97325989661941,0
1.0,98.0,4.717948717948718,36.1025641025641,91.16997884649231,0
1.0,98.0,4.717948717948718,37.1025641025641,93.36407603831663,0
1.0,98.0,4.717948717948718,38.1025641025641,95.55842764519238,0
1.0,98.0,4.717948717948718,39.1025641025641,96.86940435385985,0
1.0,98.0,4.717948717948718,40.1025641025641,97.0,0
1.0,98.0,4.717948717948718,41.1025641025641,97.0,0
1.0,98.0,4.628571428571429,38.0,97.0,0
1.0,98.0,4.63768115942029,38.710144927536234,97.0,0
1.0,98.0,4.63768115942029,39.710144927536234,97.0,0
1.0,98.0,4.6075949367088604,35.68354430379747,89.21560817821808,0
1.0,98.0,4.6075949367088604,36.68354430379747,91.48619585755505,0
1.0,98.0,4.6075949367088604,37.68354430379747,93.74116409916624,0
1.0,98.0,4.6075949367088604,38.68354430379747,95.96296860788144,0
1.0,98.0,4.6075949367088604,39.68354430379747,96.97850784524152,0
1.0,98.0,4.6075949367088604,40.68354430379747,97.0,0
1.0,98.0,4.6075949367088604,41.68354430379747,97.0,0
1.0,98.0,4.579710144927536,37.56521739130435,97.0,0
1.0,98.0,4.579710144927536,38.56521739130435,97.0,0
1.0,98.0,4.579710144927536,39.56521739130435,97.0,0
1.0,98.0,4.6835443037974684,35.55696202531646,89.13158666086471,0
1.0,98.0,4.6835443037974684,36.55696202531646,91.37856936399147,0
1.0,98.0,4.6835443037974684,37.55696202531646,93.62253332393063,0
1.0,98.0,4.6835443037974684,38.55696202531646,95.89490723637513,0
1.0,98.0,4.6835443037974684,39.55696202531646,96.99682313963196,0
1.0,98.0,4.641025641025641,40.23076923076923,97.0,0
1.0,98.0,4.641025641025641,41.23076923076923,97.0,0
1.0,98.0,4.695652173913044,37.56521739130435,97.0,0
1.0,98.0,4.705882352941177,38.26470588235294,97.0,0
1.0,98.0,4.705882352941177,39.26470588235294,97.0,0
1.0,98.0,4.641025641025641,35.23076923076923,89.15447316051625,0
1.0,98.0,4.641025641025641,36.23076923076923,91.31103776195859,0
1.0,98.0,4.641025641025641,37.23076923076923,93.4788010448308,0
1.0,98.0,4.641025641025641,38.23076923076923,95.6510694890156,0
1.0,98.0,4.641025641025641,39.23076923076923,96.84850797633115,0
1.0,98.0,4.641025641025641,40.23076923076923,97.0,0
1.0,98.0,4.641025641025641,41.23076923076923,97.0,0
1.0,98.0,4.63768115942029,37.56521739130435,97.0,0
1.0,98.0,4.63768115942029,38.56521739130435,97.0,0
1.0,98.0,4.63768115942029,39.56521739130435,97.0,0
1.0,98.0,4.658227848101266,35.55696202531646,88.896898861706,0
1.0,98.0,4.658227848101266,36.55696202531646,91.20665752939934,0
1.0,98.0,4.658227848101266,37.55696202531646,93.56518828446833,0
1.0,98.0,4.658227848101266,38.55696202531646,95.93421495986614,0
1.0,98.0,4.658227848101266,39.55696202531646,97.0,0
1.0,98.0,4.615384615384615,40.23076923076923,97.0,0
1.0,98.0,4.615384615384615,41.23076923076923,97.0,0
1.0,98.0,4.608695652173913,37.56521739130435,97.0,0
1.0,98.0,4.617647058823529,38.26470588235294,97.0,0
1.0,98.0,4.617647058823529,39.26470588235294,97.0,0
1.0,98.0,4.641025641025641,35.23076923076923,88.85200078542822,0
1.0,98.0,4.641025641025641,36.23076923076923,91.07042898571233,0
1.0,98.0,4.641025641025641,37.23076923076923,93.28038073258041,0
1.0,98.0,4.641025641025641,38.23076923076923,95.46919366280098,0
1.0,98.0,4.641025641025641,39.23076923076923,96.93542551667441,0
1.0,98.0,4.641025641025641,40.23076923076923,97.0,0
1.0,98.0,4.641025641025641,41.23076923076923,97.0,0
1.0,98.0,4.63768115942029,37.56521739130435,97.0,0
1.0,98.0,4.63768115942029,38.56521739130435,97.0,0
1.0,98.0,4.63768115942029,39.56521739130435,97.0,0
1.0,98.0,4.582278481012659,35.55696202531646,89.1431333995909,0
1.0,98.0,4.582278481012659,36.55696202531646,91.50596557137702,0
1.0,98.0,4.582278481012659,37.55696202531646,93.87852076768489,0
1.0,98.0,4.582278481012659,38.55696202531646,96.22939555335607,0
1.0,98.0,4.582278481012659,39.55696202531646,97.0,0
1.0,98.0,4.582278481012659,40.55696202531646,97.0,0
1.0,98.0,4.582278481012659,41.55696202531646,97.0,0
1.0,98.0,4.628571428571429,38.0,97.0,0
1.0,98.0,4.628571428571429,39.0,97.0,0
1.0,98.0,4.628571428571429,40.0,97.0,0
1.0,98.0,4.625,36.0,89.3482214224037,0
1.0,98.0,4.625,37.0,91.50797326731002,0
1.0,98.0,4.625,38.0,93.63827028512063,0
1.0,98.0,4.625,39.0,95.69204810832133,0
1.0,98.0,4.625,40.0,96.94185492566592,0
1.0,98.0,4.625,41.0,97.0,0
1.0,98.0,4.625,42.0,97.0,0
1.0,98.0,4.628571428571429,38.0,97.0,0
1.0,98.0,4.628571428571429,39.0,97.0,0
1.0,98.0,4.628571428571429,40.0,97.0,0
1.0,98.0,4.65,36.0,89.47446669720387,0
1.0,98.0,4.65,37.0,91.68712992615379,0
1.0,98.0,4.65,38.0,93.96876779567572,0
1.0,98.0,4.65,39.0,96.24373448221127,0
1.0,98.0,4.65,40.0,97.0,0
1.0,98.0,4.6075949367088604,40.68354430379747,97.0,0
1.0,98.0,4.6075949367088604,41.68354430379747,97.0,0
1.0,98.0,4.63768115942029,37.56521739130435,97.0,0
1.0,98.0,4.63768115942029,38.56521739130435,97.0,0
1.0,98.0,4.63768115942029,39.56521739130435,97.0,0
1.0,98.0,4.582278481012659,35.55696202531646,89.0923783175778,0
1.0,98.0,4.582278481012659,36.55696202531646,91.32278240412565,0
1.0,98.0,4.582278481012659,37.55696202531646,93.55398972161811,0
1.0,98.0,4.582278481012659,38.55696202531646,95.74387208739027,0
1.0,98.0,4.582278481012659,39.55696202531646,97.0,0
1.0,98.0,4.582278481012659,40.55696202531646,97.0,0
1.0,98.0,4.582278481012659,41.55696202531646,97.0,0
1.0,98.0,4.514285714285714,38.0,97.0,0
1.0,98.0,4.514285714285714,39.0,97.0,0
1.0,98.0,4.514285714285714,40.0,97.0,0
1.0,98.0,4.5,36.0,89.63066087486263,0
1.0,98.0,4.5,37.0,91.93533490982198,0
1.0,98.0,4.5,38.0,94.25986676829226,0
1.0,98.0,4.5,39.0,96.56088492497551,0
1.0,98.0,4.5,40.0,97.0,0
1.0,98.0,4.455696202531645,40.68354430379747,97.0,0
1.0,98.0,4.455696202531645,41.68354430379747,97.0,0
1.0,98.0,4.492753623188406,37.56521739130435,97.0,0
1.0,98.0,4.492753623188406,38.56521739130435,97.0,0
1.0,98.0,4.492753623188406,39.56521739130435,97.0,0
1.0,98.0,4.481012658227848,35.55696202531646,89.05706544195239,0
1.0,98.0,4.481012658227848,36.55696202531646,91.25655875730399,0
1.0,98.0,4.481012658227848,37.55696202531646,93.45137121388511,0
1.0,98.0,4.481012658227848,38.55696202531646,95.62288533980812,0
1.0,98.0,4.481012658227848,39.55696202531646,96.97856632231652,0
1.0,98.0,4.481012658227848,40.55696202531646,97.0,0
1.0,98.0,4.481012658227848,41.55696202531646,97.0,0
1.0,98.0,4.485714285714286,38.0,97.0,0
1.0,98.0,4.485714285714286,39.0,97.0,0
1.0,98.0,4.485714285714286,40.0,97.0,0
1.0,98.0,4.5,36.0,89.30626499419215,0
1.0,98.0,4.5,37.0,91.61780360110102,0
1.0,98.0,4.5,38.0,93.92128456051496,0
1.0,98.0,4.5,39.0,96.13104525923742,0
1.0,98.0,4.5,40.0,96.96357378602185,0
1.0,98.0,4.5,41.0,97.0,0
1.0,98.0,4.5,42.0,97.0,0
1.0,98.0,4.457142857142857,38.0,97.0,0
1.0,98.0,4.457142857142857,39.0,97.0,0
1.0,98.0,4.457142857142857,40.0,97.0,0
1.0,98.0,4.425,36.0,88.75537814734075,0
1.0,98.0,4.425,37.0,90.9590143369094,0
1.0,98.0,4.425,38.0,93.14540711102478,0
1.0,98.0,4.425,39.0,95.29620643076923,0
1.0,98.0,4.425,40.0,96.93036197721906,0
1.0,98.0,4.425,41.0,97.0,0
1.0,98.0,4.425,42.0,97.0,0
1.0,98.0,4.457142857142857,38.0,97.0,0
1.0,98.0,4.457142857142857,39.0,97.0,0
1.0,98.0,4.457142857142857,40.0,97.0,0
1.0,98.0,4.425,36.0,88.95501611834723,0
1.0,98.0,4.425,37.0,91.23082134721321,0
1.0,98.0,4.425,38.0,93.53448194688892,0
1.0,98.0,4.425,39.0,95.82889143467288,0
1.0,98.0,4.425,40.0,96.91496237424099,0
1.0,98.0,4.425,41.0,97.0,0
1.0,98.0,4.425,42.0,97.0,0
1.0,98.0,4.4,38.0,97.0,0
1.0,98.0,4.4,39.0,97.0,0
1.0,98.0,4.4,40.0,97.0,0
1.0,98.0,4.35,36.0,89.08780925968424,0
1.0,98.0,4.35,37.0,91.30030925968423,0
1.0,98.0,4.35,38.0,93.48284367356273,0
1.0,98.0,4.35,39.0,95.64213660305936,0
1.0,98.0,4.35,40.0,96.9875,0
1.0,98.0,4.35,41.0,97.0,0
1.0,98.0,4.35,42.0,97.0,0
1.0,98.0,4.285714285714286,38.0,97.0,0
1.0,98.0,4.285714285714286,39.0,97.0,0
1.0,98.0,4.285714285714286,40.0,97.0,0
1.0,98.0,4.3,36.0,88.93533278441708,0
1.0,98.0,4.3,37.0,91.106810180005,0
1.0,98.0,4.3,38.0,93.3016798942502,0
1.0,98.0,4.3,39.0,95.52884075820722,0
1.0,98.0,4.3,40.0,96.82323667280589,0
1.0,98.0,4.3,41.0,97.0,0
1.0,98.0,4.3,42.0,97.0,0
1.0,98.0,4.314285714285714,38.0,97.0,0
1.0,98.0,4.314285714285714,39.0,97.0,0
1.0,98.0,4.314285714285714,40.0,97.0,0
1.0,98.0,4.325,36.0,89.21747993285703,0
1.0,98.0,4.325,37.0,91.43070400624745,0
1.0,98.0,4.325,38.0,93.59433298538431,0
1.0,98.0,4.325,39.0,95.75018437964002,0
1.0,98.0,4.325,40.0,96.9956787281011,0
1.0,98.0,4.325,41.0,97.0,0
1.0,98.0,4.325,42.0,97.0,0
1.0,98.0,4.314285714285714,38.0,97.0,0
1.0,98.0,4.314285714285714,39.0,97.0,0
1.0,98.0,4.314285714285714,40.0,97.0,0
1.0,98.0,4.3,36.0,88.76612303729715,0
1.0,98.0,4.3,37.0,91.06922009711207,0
1.0,98.0,4.3,38.0,93.37525307361275,0
1.0,98.0,4.3,39.0,95.71407433437803,0
1.0,98.0,4.3,40.0,96.99053052836848,0
1.0,98.0,4.3,41.0,97.0,0
1.0,98.0,4.3,42.0,97.0,0
1.0,98.0,4.285714285714286,38.0,97.0,0
1.0,98.0,4.285714285714286,39.0,97.0,0
1.0,98.0,4.285714285714286,40.0,97.0,0
1.0,98.0,4.25,36.0,89.21659538425311,0
1.0,98.0,4.25,37.0,91.44875386299927,0
1.0,98.0,4.25,38.0,93.69899932030384,0
1.0,98.0,4.25,39.0,95.94154753718574,0
1.0,98.0,4.25,40.0,97.0,0
1.0,98.0,4.25,41.0,97.0,0
1.0,98.0,4.25,42.0,97.0,0
1.0,98.0,4.2,38.0,97.0,0
1.0,98.0,4.2,39.0,97.0,0
1.0,98.0,4.2,40.0,97.0,0
1.0,98.0,4.225,36.0,89.62119953827887,0
1.0,98.0,4.225,37.0,91.91396177258397,0
1.0,98.0,4.225,38.0,94.22901356127367,0
1.0,98.0,4.225,39.0,96.53472558882986,0
1.0,98.0,4.225,40.0,97.0,0
1.0,98.0,4.225,41.0,97.0,0
1.0,98.0,4.225,42.0,97.0,0
1.0,98.0,4.228571428571429,38.0,97.0,0
1.0,98.0,4.228571428571429,39.0,97.0,0
1.0,98.0,4.228571428571429,40.0,97.0,0
1.0,98.0,4.2,36.0,88.8964381669144,0
1.0,98.0,4.2,37.0,91.10937693359915,0
1.0,98.0,4.2,38.0,93.30306543457712,0
1.0,98.0,4.2,39.0,95.47205152623414,0
1.0,98.0,4.2,40.0,96.90850745130533,0
1.0,98.0,4.2,41.0,97.0,0
1.0,98.0,4.2,42.0,97.0,0
1.0,98.0,4.2,38.0,97.0,0
1.0,98.0,4.2,39.0,97.0,0
1.0,98.0,4.2,40.0,97.0,0
1.0,98.0,4.177215189873418,35.68354430379747,89.06517848877927,0
1.0,98.0,4.177215189873418,36.68354430379747,91.44546746527911,0
1.0,98.0,4.177215189873418,37.68354430379747,93.83787252857026,0
1.0,98.0,4.177215189873418,38.68354430379747,96.17964468046898,0
1.0,98.0,4.177215189873418,39.68354430379747,97.0,0
1.0,98.0,4.177215189873418,40.68354430379747,97.0,0
1.0,98.0,4.177215189873418,41.68354430379747,97.0,0
1.0,98.0,4.202898550724638,37.56521739130435,97.0,0
1.0,98.0,4.202898550724638,38.56521739130435,97.0,0
1.0,98.0,4.202898550724638,39.56521739130435,97.0,0
1.0,98.0,4.2025316455696204,35.55696202531646,88.83637690537957,0
1.0,98.0,4.2025316455696204,36.55696202531646,91.0651183379638,0
1.0,98.0,4.2025316455696204,37.55696202531646,93.24566263616686,0
1.0,98.0,4.2025316455696204,38.55696202531646,95.41300689229932,0
1.0,98.0,4.2025316455696204,39.55696202531646,96.93203356486168,0
1.0,98.0,4.2025316455696204,40.55696202531646,97.0,0
1.0,98.0,4.2025316455696204,41.55696202531646,97.0,0
1.0,98.0,4.171428571428572,38.0,97.0,0
1.0,98.0,4.171428571428572,39.0,97.0,0
1.0,98.0,4.171428571428572,40.0,97.0,0
1.0,98.0,4.15,36.0,88.7679635042346,0
1.0,98.0,4.15,37.0,90.89062192653117,0
1.0,98.0,4.15,38.0,93.04999708405484,0
1.0,98.0,4.15,39.0,95.22901095881465,0
1.0,98.0,4.15,40.0,96.87976044625918,0
1.0,98.0,4.15,41.0,97.0,0
1.0,98.0,4.15,42.0,97.0,0
1.0,98.0,4.114285714285714,38.0,97.0,0
1.0,98.0,4.114285714285714,39.0,97.0,0
1.0,98.0,4.114285714285714,40.0,97.0,0
1.0,98.0,4.125,36.0,89.25739127197002,0
1.0,98.0,4.125,37.0,91.52006387953777,0
1.0,98.0,4.125,38.0,93.77098371831525,0
1.0,98.0,4.125,39.0,96.00296059770585,0
1.0,98.0,4.125,40.0,96.98961813956598,0
1.0,98.0,4.125,41.0,97.0,0
1.0,98.0,4.125,42.0,97.0,0
1.0,98.0,4.114285714285714,38.0,97.0,0
1.0,98.0,4.114285714285714,39.0,97.0,0
1.0,98.0,4.114285714285714,40.0,97.0,0
1.0,98.0,4.1,36.0,89.25276069239138,0
1.0,98.0,4.1,37.0,91.48681505900564,0
1.0,98.0,4.1,38.0,93.70716092129337,0
1.0,98.0,4.1,39.0,95.93142852983719,0
1.0,98.0,4.1,40.0,97.0,0
1.0,98.0,4.1,41.0,97.0,0
1.0,98.0,4.1,42.0,97.0,0
1.0,98.0,4.114285714285714,38.0,97.0,0
1.0,98.0,4.114285714285714,39.0,97.0,0
1.0,98.0,4.114285714285714,40.0,97.0,0
1.0,98.0,4.125,36.0,89.20784914289452,0
1.0,98.0,4.125,37.0,91.41698243889971,0
1.0,98.0,4.125,38.0,93.62016568991542,0
1.0,98.0,4.125,39.0,95.8090517201714,0
1.0,98.0,4.125,40.0,97.0,0
1.0,98.0,4.125,41.0,97.0,0
1.0,98.0,4.125,42.0,97.0,0
1.0,98.0,4.085714285714285,38.0,97.0,0
1.0,98.0,4.085714285714285,39.0,97.0,0
1.0,98.0,4.085714285714285,40.0,97.0,0
1.0,98.0,4.1,36.0,88.83579081659487,0
1.0,98.0,4.1,37.0,91.11949131681084,0
1.0,98.0,4.1,38.0,93.44821070039411,0
1.0,98.0,4.1,39.0,95.77980206891012,0
1.0,98.0,4.1,40.0,97.0,0
1.0,98.0,4.1,41.0,97.0,0
1.0,98.0,4.1,42.0,97.0,0
1.0,98.0,4.114285714285714,38.0,97.0,0
1.0,98.0,4.114285714285714,39.0,97.0,0
1.0,98.0,4.114285714285714,40.0,97.0,0
1.0,98.0,4.1,36.0,89.03250104505832,0
1.0,98.0,4.1,37.0,91.24877596360754,0
1.0,98.0,4.1,38.0,93.45037037886088,0
1.0,98.0,4.1,39.0,95.6295294081722,0
1.0,98.0,4.1,40.0,96.96710522525986,0
1.0,98.0,4.1,41.0,97.0,0
1.0,98.0,4.1,42.0,97.0,0
1.0,98.0,4.114285714285714,38.0,97.0,0
1.0,98.0,4.114285714285714,39.0,97.0,0
1.0,98.0,4.114285714285714,40.0,97.0,0
1.0,98.0,4.1,36.0,88.85603485869854,0
1.0,98.0,4.1,37.0,91.05272007307795,0
1.0,98.0,4.1,38.0,93.24698368241653,0
1.0,98.0,4.1,39.0,95.43132261336129,0
1.0,98.0,4.1,40.0,96.89079441868334,0
1.0,98.0,4.1,41.0,97.0,0
1.0,98.0,4.1,42.0,97.0,0
1.0,98.0,4.085714285714285,38.0,97.0,0
1.0,98.0,4.085714285714285,39.0,97.0,0
1.0,98.0,4.085714285714285,40.0,97.0,0
1.0,98.0,4.075,36.0,88.94689046307681,0
1.0,98.0,4.075,37.0,91.19820524866425,0
1.0,98.0,4.075,38.0,93.4365060736931,0
1.0,98.0,4.075,39.0,95.63853907568856,0
1.0,98.0,4.075,40.0,97.0,0
1.0,98.0,4.075,41.0,97.0,0
1.0,98.0,4.075,42.0,97.0,0
1.0,98.0,4.085714285714285,38.0,97.0,0
1.0,98.0,4.085714285714285,39.0,97.0,0
1.0,98.0,4.085714285714285,40.0,97.0,0
1.0,98.0,4.075,36.0,89.10392205596979,0
1.0,98.0,4.075,37.0,91.39025458170975,0
1.0,98.0,4.075,38.0,93.70827859877792,0
1.0,98.0,4.075,39.0,96.03327859877793,0
1.0,98.0,4.075,40.0,96.98339746124071,0
1.0,98.0,4.075,41.0,97.0,0
1.0,98.0,4.075,42.0,97.0,0
1.0,98.0,4.057142857142857,38.0,97.0,0
1.0,98.0,4.057142857142857,39.0,97.0,0
1.0,98.0,4.057142857142857,40.0,97.0,0
1.0,98.0,4.075,36.0,89.20752250990725,0
1.0,98.0,4.075,37.0,91.40601628425229,0
1.0,98.0,4.075,38.0,93.57485623414486,0
1.0,98.0,4.075,39.0,95.7190397736681,0
1.0,98.0,4.075,40.0,96.99065306445516,0
1.0,98.0,4.075,41.0,97.0,0
1.0,98.0,4.075,42.0,97.0,0
1.0,98.0,4.085714285714285,38.0,97.0,0
1.0,98.0,4.085714285714285,39.0,97.0,0
1.0,98.0,4.085714285714285,40.0,97.0,0
1.0,98.0,4.125,36.0,88.77296861885152,0
1.0,98.0,4.125,37.0,90.93958421355694,0
1.0,98.0,4.125,38.0,93.11030161440394,0
1.0,98.0,4.125,39.0,95.28276125509606,0
1.0,98.0,4.125,40.0,96.75521874587571,0
1.0,98.0,4.125,41.0,97.0,0
1.0,98.0,4.125,42.0,97.0,0
1.0,98.0,4.114285714285714,38.0,97.0,0
1.0,98.0,4.114285714285714,39.0,97.0,0
1.0,98.0,4.114285714285714,40.0,97.0,0
1.0,98.0,4.1,36.0,89.36912433163224,0
1.0,98.0,4.1,37.0,91.54105049164669,0
1.0,98.0,4.1,38.0,93.7075813989464,0
1.0,98.0,4.1,39.0,95.87574017621662,0
1.0,98.0,4.1,40.0,97.0,0
1.0,98.0,4.1,41.0,97.0,0
1.0,98.0,4.1,42.0,97.0,0
1.0,98.0,4.085714285714285,38.0,97.0,0
1.0,98.0,4.085714285714285,39.0,97.0,0
1.0,98.0,4.085714285714285,40.0,97.0,0
1.0,98.0,4.075,36.0,88.9754461497212,0
1.0,98.0,4.075,37.0,91.30003358179064,0
1.0,98.0,4.075,38.0,93.61938622468895,0
1.0,98.0,4.075,39.0,95.94335195431638,0
1.0,98.0,4.075,40.0,97.0,0
1.0,98.0,4.075,41.0,97.0,0
1.0,98.0,4.075,42.0,97.0,0
1.0,98.0,4.085714285714285,38.0,97.0,0
1.0,98.0,4.085714285714285,39.0,97.0,0
1.0,98.0,4.085714285714285,40.0,97.0,0
1.0,98.0,4.075,36.0,89.28561911858554,0
1.0,98.0,4.075,37.0,91.48669809258135,0
1.0,98.0,4.075,38.0,93.65100355658477,0
1.0,98.0,4.075,39.0,95.8209937032009,0
1.0,98.0,4.075,40.0,97.0,0
1.0,98.0,4.075,41.0,97.0,0
1.0,98.0,4.075,42.0,97.0,0
1.0,98.0,4.085714285714285,38.0,97.0,0
1.0,98.0,4.085714285714285,39.0,97.0,0
1.0,98.0,4.085714285714285,40.0,97.0,0
1.0,98.0,4.1,36.0,89.5000027927999,0
1.0,98.0,4.1,37.0,91.85001527291259,0
1.0,98.0,4.1,38.0,94.194417837945,0
1.0,98.0,4.1,39.0,96.41338975007034,0
1.0,98.0,4.1,40.0,97.0,0
1.0,98.0,4.1,41.0,97.0,0
1.0,98.0,4.1,42.0,97.0,0
1.0,98.0,4.114285714285714,38.0,97.0,0
1.0,98.0,4.114285714285714,39.0,97.0,0
1.0,98.0,4.114285714285714,40.0,97.0,0
1.0,98.0,4.1,36.0,89.14210858153919,0
1.0,98.0,4.1,37.0,91.38799890340319,0
1.0,98.0,4.1,38.0,93.61151110662625,0
1.0,98.0,4.1,39.0,95.81651100118276,0
1.0,98.0,4.1,40.0,97.0,0
1.0,98.0,4.1,41.0,97.0,0
1.0,98.0,4.1,42.0,97.0,0
1.0,98.0,4.114285714285714,38.0,97.0,0
1.0,98.0,4.114285714285714,39.0,97.0,0
1.0,98.0,4.114285714285714,40.0,97.0,0
1.0,98.0,4.1,36.0,88.7625920195549,0
1.0,98.0,4.1,37.0,91.00387455087302,0
1.0,98.0,4.1,38.0,93.25741266358949,0
1.0,98.0,4.1,39.0,95.55342176098563,0
1.0,98.0,4.1,40.0,96.97927678595053,0
1.0,98.0,4.1,41.0,97.0,0
1.0,98.0,4.1,42.0,97.0,0
1.0,98.0,4.085714285714285,38.0,97.0,0
1.0,98.0,4.085714285714285,39.0,97.0,0
1.0,98.0,4.085714285714285,40.0,97.0,0
1.0,98.0,4.075,36.0,89.00307572524962,0
1.0,98.0,4.075,37.0,91.23597497158178,0
1.0,98.0,4.075,38.0,93.44126586109904,0
1.0,98.0,4.075,39.0,95.60245569685699,0
1.0,98.0,4.075,40.0,97.0,0
1.0,98.0,4.075,41.0,97.0,0
1.0,98.0,4.075,42.0,97.0,0
1.0,98.0,4.0285714285714285,38.0,97.0,0
1.0,98.0,4.0285714285714285,39.0,97.0,0
1.0,98.0,4.0285714285714285,40.0,97.0,0
1.0,98.0,4.025,36.0,89.0241681919529,0
1.0,98.0,4.025,37.0,91.25265430263616,0
1.0,98.0,4.025,38.0,93.49689427641093,0
1.0,98.0,4.025,39.0,95.77353192449237,0
1.0,98.0,4.025,40.0,96.88972197580141,0
1.0,98.0,4.025,41.0,97.0,0
1.0,98.0,4.025,42.0,97.0,0
1.0,98.0,4.0285714285714285,38.0,97.0,0
1.0,98.0,4.0285714285714285,39.0,97.0,0
1.0,98.0,4.0285714285714285,40.0,97.0,0
1.0,98.0,4.025,36.0,89.13206355094687,0
1.0,98.0,4.025,37.0,91.34501651583207,0
1.0,98.0,4.025,38.0,93.55353114419594,0
1.0,98.0,4.025,39.0,95.72653102219854,0
1.0,98.0,4.025,40.0,97.0,0
1.0,98.0,4.025,41.0,97.0,0
1.0,98.0,4.025,42.0,97.0,0
1.0,98.0,4.0285714285714285,38.0,97.0,0
1.0,98.0,4.0285714285714285,39.0,97.0,0
1.0,98.0,4.0285714285714285,40.0,97.0,0
1.0,98.0,4.025,36.0,89.22039688909695,0
1.0,98.0,4.025,37.0,91.52448045353756,0
1.0,98.0,4.025,38.0,93.82209421335568,0
1.0,98.0,4.025,39.0,96.08459454556638,0
1.0,98.0,4.025,40.0,97.0,0
1.0,98.0,4.025,41.0,97.0,0
1.0,98.0,4.025,42.0,97.0,0
1.0,98.0,4.0285714285714285,38.0,97.0,0
1.0,98.0,4.0285714285714285,39.0,97.0,0
1.0,98.0,4.0285714285714285,40.0,97.0,0
1.0,98.0,4.025,36.0,89.46399607533377,0
1.0,98.0,4.025,37.0,91.69257359312368,0
1.0,98.0,4.025,38.0,93.9181765888219,0
1.0,98.0,4.025,39.0,96.12503220228628,0
1.0,98.0,4.025,40.0,97.0,0
1.0,98.0,4.025,41.0,97.0,0
1.0,98.0,4.025,42.0,97.0,0
1.0,98.0,4.0,38.0,97.0,0
1.0,98.0,4.0,39.0,97.0,0
